"parcelId","propertyOffer","distanceToCreek","distToNoSquatted","parcelSurface","blockCorner"
1,0,2,0,204.089996337891,1
2,0,1,1,210.960006713867,0
3,0,1,1,308.839996337891,0
4,0,1,1,424.600006103516,0
5,0,1,1,519.669982910156,0
6,0,1,1,395.089996337891,0
7,0,1,1,297.899993896484,0
8,0,1,1,296.549987792969,0
9,0,1,1,212.929992675781,0
10,0,1,1,216.589996337891,1
11,0,0,2,200.539993286133,0
12,0,0,2,400.459991455078,0
13,0,0,2,494.910003662109,0
14,0,1,2,513.130004882812,0
15,0,1,2,213.100006103516,0
16,0,1,2,201.059997558594,1
17,0,2,1,193.5,0
18,0,2,1,265.799987792969,0
19,0,2,1,303.369995117188,0
20,0,2,1,400.369995117188,0
21,0,2,1,439.679992675781,0
22,0,2,1,417.829986572266,0
23,0,2,1,315.670013427734,0
24,0,2,1,196.789993286133,0
25,0,2,1,197.479995727539,1
26,0,2,0,236.5,0
27,0,2,0,327.720001220703,0
28,0,2,0,341,0
29,0,2,0,355.059997558594,0
30,0,2,0,272.660003662109,0
31,0,2,0,196.440002441406,0
32,0,0,2,292.779998779297,1
33,0,0,2,245.600006103516,0
34,0,0,2,248.179992675781,1
35,0,1,2,232.75,0
36,0,1,2,219.660003662109,1
37,0,2,1,203.169998168945,1
38,0,2,1,200.610000610352,0
39,0,2,1,263.290008544922,0
40,0,2,1,383.359985351562,0
41,0,2,1,485.079986572266,0
42,0,2,1,285.399993896484,0
43,0,2,1,174.899993896484,0
44,0,2,1,167.759994506836,1
45,0,2,1,190.619995117188,0
46,0,2,1,345.559997558594,0
47,0,2,1,436.760009765625,0
48,0,2,1,414.859985351562,0
49,0,2,1,453.809997558594,0
50,0,2,1,424.579986572266,0
51,0,2,1,349.119995117188,0
52,0,2,1,237.320007324219,0
53,0,2,1,229.880004882812,1
54,0,2,0,202.199996948242,0
55,0,2,0,277,0
56,0,2,0,374.529998779297,0
57,0,2,0,495.329986572266,0
58,0,2,0,294.950012207031,0
59,0,2,0,196.770004272461,0
60,0,2,0,197.279998779297,1
61,0,3,0,202.960006713867,0
62,0,3,0,299.720001220703,0
63,0,3,0,433.459991455078,0
64,0,3,0,407.700012207031,0
65,0,3,0,437.320007324219,0
66,0,3,0,395.359985351562,0
67,0,3,0,296.359985351562,0
68,0,3,0,214.639999389648,0
69,0,2,1,218.399993896484,1
70,0,1,2,187.789993286133,0
71,0,1,2,279.700012207031,0
72,0,1,2,181.130004882812,0
73,0,1,2,235.279998779297,1
74,0,0,2,268.279998779297,0
75,0,0,2,366.929992675781,0
76,0,0,2,412.299987792969,0
77,0,0,2,435.290008544922,0
78,0,0,2,462.899993896484,0
79,0,0,2,116.440002441406,0
80,0,0,2,393.359985351562,1
81,0,1,1,290.510009765625,0
82,0,1,1,363.160003662109,0
83,0,1,1,338.709991455078,0
84,0,1,1,409.779998779297,0
85,0,1,1,397.170013427734,0
86,0,1,1,297.809997558594,0
87,0,1,1,198.449996948242,0
88,0,1,1,197.710006713867,1
89,0,2,1,201.369995117188,0
90,0,2,1,298.940002441406,0
91,0,2,1,295.760009765625,0
92,0,2,1,308.850006103516,0
93,0,2,1,293.089996337891,0
94,0,2,1,284.25,0
95,0,2,1,279.130004882812,0
96,0,2,1,202.369995117188,0
97,0,2,1,284.529998779297,1
98,0,2,1,200.559997558594,0
99,0,2,1,300.869995117188,0
100,0,2,1,380.839996337891,0
101,0,2,1,396.640014648438,0
102,1,2,1,405.489990234375,0
103,1,2,1,296.529998779297,0
104,1,2,1,194.850006103516,0
105,1,2,1,172.830001831055,1
106,1,2,2,176.410003662109,0
107,1,2,2,271.100006103516,0
108,1,2,2,579.039978027344,0
109,1,2,2,432.119995117188,0
110,1,2,2,355.299987792969,0
111,1,2,2,256.25,0
112,1,2,2,280.600006103516,1
113,1,3,1,218.479995727539,0
114,1,3,1,302.950012207031,0
115,1,3,1,389.040008544922,0
116,0,3,0,500.829986572266,0
117,0,3,0,414.709991455078,0
118,0,3,0,397.459991455078,0
119,0,3,0,302.630004882812,0
120,0,3,0,194.270004272461,0
121,1,1,2,208.389999389648,1
122,1,1,2,300.429992675781,0
123,1,1,2,296.299987792969,0
124,1,1,2,280.869995117188,0
125,1,1,2,281.220001220703,0
126,1,1,2,281.119995117188,0
127,1,1,2,174.899993896484,1
128,1,1,3,162.960006713867,0
129,1,1,3,163.039993286133,0
130,1,1,3,428.869995117188,0
131,1,1,3,435.149993896484,0
132,1,1,3,437.329986572266,0
133,1,1,3,284.899993896484,0
134,1,1,3,251.059997558594,0
135,1,1,3,164.199996948242,0
136,1,1,3,190.360000610352,1
137,1,2,2,206.509994506836,0
138,1,2,2,399.549987792969,0
139,1,2,2,400.260009765625,0
140,1,2,2,302.260009765625,0
141,1,2,2,193.410003662109,0
142,1,2,2,193.410003662109,0
143,1,2,2,188.759994506836,1
144,1,2,2,268.269989013672,0
145,1,2,2,388.170013427734,0
146,1,2,2,419.570007324219,0
147,1,2,2,437.809997558594,0
148,1,2,2,437.619995117188,0
149,1,2,2,229.910003662109,0
150,1,2,2,221.350006103516,0
151,1,1,3,284.609985351562,1
152,1,1,3,140.100006103516,0
153,1,1,3,159.740005493164,0
154,1,1,3,179.320007324219,0
155,1,1,3,198.910003662109,0
156,1,1,3,218.479995727539,0
157,1,1,3,235.589996337891,0
158,1,1,3,236.389999389648,1
159,1,3,1,337.019989013672,0
160,1,3,1,247.240005493164,0
161,1,3,1,153.550003051758,0
162,1,3,1,183.570007324219,1
163,1,3,2,232.779998779297,0
164,1,3,2,321.959991455078,0
165,1,3,2,422.420013427734,0
166,1,3,2,420.329986572266,0
167,1,3,2,418.25,0
168,1,3,2,316.190002441406,0
169,1,3,2,209.860000610352,0
170,1,3,2,217.5,1
171,1,3,1,199.580001831055,0
172,1,3,1,297.339996337891,0
173,1,3,1,397.109985351562,0
174,1,3,2,151.820007324219,1
175,1,2,2,160.770004272461,0
176,1,2,2,257.890014648438,0
177,1,2,2,365.130004882812,0
178,1,2,2,366.059997558594,0
179,1,2,2,290.600006103516,0
180,1,2,2,179.050003051758,0
181,1,2,2,149.660003662109,1
182,1,2,2,149.440002441406,0
183,1,2,2,257.290008544922,0
184,1,2,2,369.399993896484,0
185,1,2,2,429.239990234375,0
186,1,2,2,422.609985351562,0
187,1,2,2,438.149993896484,0
188,1,2,2,277.839996337891,0
189,1,2,2,189.389999389648,0
190,1,2,2,165.589996337891,1
191,1,2,2,173.759994506836,0
192,1,2,2,270.100006103516,0
193,1,2,2,396.5,0
194,1,2,2,398.820007324219,0
195,1,2,2,285.910003662109,0
196,1,2,2,183.649993896484,0
197,1,2,2,172.710006713867,1
198,1,3,2,174.940002441406,0
199,1,3,2,273.630004882812,0
200,1,3,2,368,0
201,1,3,2,436.190002441406,0
202,1,3,2,428.399993896484,0
203,1,3,2,432.570007324219,0
204,1,3,2,298.980010986328,0
205,1,3,2,202.339996337891,0
206,1,1,2,221.429992675781,1
207,1,0,2,267.5,1
208,1,0,2,166.449996948242,0
209,1,0,2,168.440002441406,0
210,1,0,2,186.059997558594,0
211,1,0,2,211.059997558594,0
212,1,0,2,246.910003662109,0
213,1,0,2,235.550003051758,0
214,1,0,2,289.489990234375,1
215,1,1,2,243.839996337891,0
216,1,1,2,217.720001220703,1
217,1,2,2,220.699996948242,0
218,1,2,2,213.289993286133,0
219,1,2,2,227.220001220703,0
220,1,2,2,214.869995117188,0
221,1,2,2,211.509994506836,0
222,1,2,2,210.449996948242,0
223,1,2,2,219.330001831055,0
224,1,2,2,231.199996948242,0
225,1,3,1,406.100006103516,0
226,1,3,1,306.329986572266,0
227,1,3,1,206.380004882812,0
228,1,3,1,203.360000610352,1
229,1,3,1,202.850006103516,0
230,1,3,1,298.529998779297,0
231,1,3,1,387.309997558594,0
232,1,3,1,384.109985351562,0
233,1,3,1,382.890014648438,0
234,1,3,1,301.820007324219,0
235,1,3,1,198.929992675781,0
236,1,3,1,180.570007324219,1
237,1,4,0,185.179992675781,0
238,1,4,0,299.109985351562,0
239,1,4,0,395.959991455078,0
240,1,2,1,186.979995727539,1
241,1,2,2,177.789993286133,0
242,1,2,2,293.760009765625,0
243,1,2,2,399.299987792969,0
244,1,2,2,499.380004882812,0
245,1,2,2,389.010009765625,0
246,1,2,2,309.589996337891,0
247,1,2,2,282.239990234375,0
248,1,2,2,265.239990234375,1
249,1,2,1,151.740005493164,0
250,1,2,1,300.619995117188,0
251,1,2,1,354.399993896484,0
252,1,2,1,436.839996337891,0
253,1,2,1,386.390014648438,0
254,1,2,1,490.420013427734,0
255,1,2,1,170.550003051758,0
256,1,2,1,198.169998168945,1
257,1,3,0,192.050003051758,0
258,1,3,0,299.859985351562,0
259,1,3,0,379.850006103516,0
260,1,3,0,487.329986572266,0
261,1,3,0,386.529998779297,0
262,1,3,0,286.820007324219,0
263,1,3,0,197.910003662109,0
264,1,3,0,194.259994506836,1
265,1,3,1,196.979995727539,0
266,1,3,1,307,0
267,1,3,1,360.619995117188,0
268,1,3,1,433.149993896484,0
269,1,3,1,376.690002441406,0
270,1,3,1,247.75,0
271,1,3,1,178.860000610352,0
272,1,2,1,218.779998779297,1
273,1,1,2,204.020004272461,0
274,1,1,2,317.609985351562,0
275,1,1,2,232.460006713867,1
276,1,0,1,362.869995117188,0
277,1,0,1,290.130004882812,0
278,1,0,1,289.950012207031,0
279,1,0,1,404.170013427734,0
280,1,0,1,356.440002441406,0
281,1,1,1,362.799987792969,0
282,1,1,1,263.809997558594,0
283,1,1,1,166.070007324219,0
284,1,1,1,152.830001831055,1
285,1,2,0,196.059997558594,0
286,1,2,0,296.450012207031,0
287,1,2,0,399.950012207031,0
288,1,2,0,293.709991455078,0
289,1,2,0,209.570007324219,0
290,1,2,0,172.149993896484,1
291,1,2,1,187.600006103516,0
292,1,2,1,266.850006103516,0
293,1,2,1,378.859985351562,0
294,1,2,1,470.450012207031,0
295,1,2,1,459.640014648438,0
296,1,2,1,421.309997558594,0
297,1,2,1,436.410003662109,0
298,1,2,1,327.440002441406,0
299,1,2,1,216.979995727539,0
300,1,0,1,180.690002441406,1
301,1,0,1,182.669998168945,0
302,1,0,1,227.039993286133,1
303,0,0,1,205.110000610352,1
304,0,0,1,220.470001220703,0
305,0,0,1,218.5,0
306,0,0,1,172.070007324219,0
307,0,0,1,173.419998168945,1
308,0,0,1,242.5,1
309,0,0,1,348.25,1
310,0,0,2,406.459991455078,0
311,0,0,2,423.589996337891,0
312,0,0,2,222.960006713867,1
313,0,1,1,239.119995117188,0
314,0,1,1,232.100006103516,0
315,0,1,1,226.350006103516,0
316,0,1,1,232.070007324219,0
317,0,1,1,228.389999389648,0
318,0,1,1,223.330001831055,0
319,0,1,1,188.520004272461,1
320,0,1,0,410.489990234375,0
321,0,1,0,362.970001220703,0
322,0,1,0,388.049987792969,0
323,0,1,0,379.950012207031,0
324,0,1,1,123.730003356934,1
325,0,1,1,140.270004272461,1
326,0,1,1,140.270004272461,1
327,0,1,1,140.270004272461,1
328,0,1,1,140.270004272461,1
329,0,1,1,140.270004272461,1
350,0,1,4,254.270004272461,1
351,0,1,4,241.479995727539,0
352,0,1,4,243.789993286133,0
353,0,1,4,242.339996337891,0
354,0,1,4,238.080001831055,1
355,0,2,3,204.619995117188,0
356,0,2,3,208.169998168945,0
357,0,2,3,212.229995727539,0
358,0,2,3,261.420013427734,0
359,0,2,3,197.630004882812,1
360,0,1,3,174.210006713867,0
361,0,1,3,194.029998779297,0
362,0,1,3,198.440002441406,0
363,0,1,3,155.080001831055,1
364,0,0,4,359.769989013672,0
365,0,0,4,302.429992675781,0
366,0,0,4,305.309997558594,0
367,0,0,4,290.200012207031,0
368,0,0,4,217.850006103516,1
369,0,0,4,179.979995727539,0
370,0,0,4,167.410003662109,0
371,0,0,4,184.130004882812,0
372,0,0,4,180.050003051758,1
373,0,1,3,300.209991455078,0
374,0,1,3,299.829986572266,0
375,0,1,3,300.010009765625,0
376,0,1,3,296.480010986328,0
377,0,1,3,307.75,0
378,0,1,3,199.389999389648,1
379,0,1,4,213.679992675781,0
380,0,1,4,201.970001220703,0
381,0,1,4,216.889999389648,0
382,0,1,4,210.919998168945,1
383,0,0,5,202.440002441406,0
384,0,0,5,200.419998168945,0
385,0,0,5,212.419998168945,0
386,0,0,5,201.889999389648,0
387,0,0,5,200.960006713867,0
388,0,0,4,303.040008544922,1
389,0,2,2,367.739990234375,1
390,0,2,1,242.899993896484,1
391,0,2,3,217.279998779297,1
392,0,2,3,220.880004882812,0
393,0,2,3,216.070007324219,0
394,0,2,3,224.919998168945,1
395,0,3,2,200.559997558594,0
396,0,3,2,231.360000610352,0
397,0,3,2,232.539993286133,0
398,0,3,2,226.399993896484,0
399,0,3,2,246.740005493164,0
400,0,3,2,198.119995117188,0
401,0,3,2,197.110000610352,0
402,0,3,2,172.279998779297,1
403,0,2,2,292.799987792969,0
404,0,2,2,196.009994506836,0
405,0,2,2,188.029998779297,1
406,0,2,3,170.440002441406,0
407,0,2,3,216.330001831055,0
408,0,2,3,212.720001220703,0
409,0,2,3,242.889999389648,0
410,0,2,3,257.350006103516,0
411,0,1,3,171.100006103516,1
412,0,1,3,173.899993896484,0
413,0,1,3,177.139999389648,0
414,0,1,3,184.119995117188,1
415,0,2,3,184.240005493164,0
416,0,2,3,196.289993286133,0
417,0,2,3,188.720001220703,0
418,0,2,3,193.600006103516,0
419,0,2,3,194.580001831055,0
420,0,2,3,210.639999389648,0
421,0,2,3,185.080001831055,1
422,0,2,2,228.660003662109,0
423,0,2,2,204.350006103516,0
424,0,2,2,222.850006103516,0
425,0,2,2,204.039993286133,1
426,0,1,4,260.510009765625,0
427,0,1,4,276.529998779297,0
428,0,1,4,304.510009765625,0
429,0,1,4,312.589996337891,0
430,0,1,4,296.339996337891,0
431,0,0,4,272.440002441406,1
432,0,0,4,255.770004272461,0
433,0,0,4,252.600006103516,0
434,0,0,4,259.739990234375,1
435,0,1,3,302.980010986328,0
436,0,1,3,248.050003051758,1
437,0,3,2,346.140014648438,1
438,0,3,2,222.169998168945,1
439,0,4,1,230.479995727539,0
440,0,4,1,241.259994506836,0
441,0,4,1,226.410003662109,0
442,0,4,1,143.440002441406,1
443,0,3,0,259.519989013672,1
444,0,2,1,233.740005493164,0
445,0,3,3,156.740005493164,1
446,0,3,3,302.239990234375,0
447,0,3,3,400.399993896484,0
448,0,3,3,522.789978027344,0
449,0,3,3,498.299987792969,0
450,0,3,3,300.119995117188,0
451,0,3,3,200.089996337891,0
452,0,3,3,203.289993286133,1
453,0,4,2,198.630004882812,0
454,0,4,2,302.980010986328,0
455,0,4,2,399.630004882812,0
456,0,4,2,399.570007324219,0
457,0,4,2,375.470001220703,0
458,0,4,2,277.290008544922,0
459,0,4,2,183.429992675781,0
460,0,4,2,172.220001220703,1
461,0,3,2,177.039993286133,0
462,0,3,2,270.329986572266,0
463,0,3,2,377.649993896484,0
464,0,3,2,375.109985351562,0
465,0,3,2,264.519989013672,0
466,0,3,2,267.290008544922,0
467,0,3,2,164.25,1
468,0,3,2,166.360000610352,0
469,0,3,2,192.270004272461,0
470,0,3,2,384,0
471,0,3,2,348.989990234375,0
472,0,3,2,249.990005493164,0
473,0,3,2,150.919998168945,0
474,0,3,2,150.160003662109,0
475,0,2,2,276.119995117188,1
476,0,2,2,245.580001831055,0
477,0,2,2,421.339996337891,0
478,0,2,2,392.119995117188,0
479,0,2,2,364.230010986328,0
480,0,2,2,201.320007324219,0
481,0,2,2,197.399993896484,1
482,0,2,2,189.410003662109,0
483,0,2,2,327.390014648438,0
484,0,2,2,302.839996337891,0
485,0,2,2,301.880004882812,0
486,0,2,2,300.929992675781,0
487,0,2,2,299.980010986328,0
488,0,2,2,201.330001831055,0
489,0,2,2,199.75,1
490,0,3,3,208.369995117188,0
491,0,3,3,556.25,0
492,0,3,3,521.72998046875,0
493,0,3,3,494.970001220703,0
494,0,3,3,268.019989013672,0
495,0,3,3,196.410003662109,1
496,0,2,3,198.509994506836,0
497,0,2,3,309.079986572266,0
498,0,2,3,326.579986572266,0
499,0,2,3,327.910003662109,0
500,0,2,3,305.730010986328,0
501,0,2,3,320.799987792969,0
502,0,2,3,229.75,0
503,0,0,3,380.089996337891,1
504,0,0,3,283.640014648438,0
505,0,0,3,285.839996337891,0
506,0,0,3,321.260009765625,0
507,0,0,3,201.550003051758,0
508,0,0,3,383.390014648438,1
509,0,1,2,316.799987792969,0
510,0,1,2,298.200012207031,0
511,0,1,2,397.690002441406,0
512,0,1,2,406.829986572266,0
513,0,1,2,302.519989013672,0
514,0,1,2,366.739990234375,1
515,0,2,2,187.820007324219,0
516,0,2,2,296.179992675781,0
517,0,2,2,272.730010986328,0
518,0,2,2,335.230010986328,0
519,0,2,2,215.130004882812,0
520,0,2,2,206.559997558594,1
521,0,1,4,198.580001831055,0
522,0,1,4,300.630004882812,0
523,0,4,2,232.360000610352,1
524,0,4,2,259.980010986328,0
525,0,4,2,333.190002441406,0
526,0,4,2,353.489990234375,0
527,0,4,2,392.540008544922,0
528,0,4,2,401.619995117188,0
529,0,4,2,422.799987792969,0
530,0,4,2,443.980010986328,0
531,0,4,2,465.160003662109,0
532,0,4,2,477.420013427734,0
533,0,4,2,397.329986572266,0
534,0,4,2,301.440002441406,0
535,0,4,2,211.419998168945,0
536,0,4,2,195.169998168945,1
537,0,5,0,217.550003051758,0
538,0,5,0,318.279998779297,0
539,0,5,0,475.880004882812,0
540,0,5,0,428.239990234375,0
541,0,5,0,462.670013427734,0
542,0,5,0,390.239990234375,0
543,0,5,0,304.799987792969,0
544,0,5,0,313.350006103516,0
545,0,5,0,272.359985351562,0
546,0,5,0,228.580001831055,0
547,0,5,0,235.389999389648,1
548,0,4,0,156.75,0
549,0,4,0,206.910003662109,0
550,0,4,0,257.609985351562,0
551,0,4,0,396.459991455078,0
552,0,4,0,483.309997558594,0
553,0,4,0,548.530029296875,0
554,0,4,0,541.809997558594,0
555,0,4,0,579.739990234375,0
556,0,4,0,466.489990234375,0
557,0,4,0,577.059997558594,0
558,0,4,0,554.799987792969,0
559,0,4,0,521.330017089844,0
560,0,4,0,342.010009765625,0
561,0,4,0,201.410003662109,0
562,0,4,0,171.350006103516,1
563,0,4,1,227.490005493164,0
564,0,4,1,358.429992675781,0
565,0,4,1,336.570007324219,0
566,0,4,1,248.190002441406,0
567,0,2,1,227.160003662109,1
568,0,2,1,208.610000610352,0
569,0,2,1,408.190002441406,0
570,0,2,1,400.25,0
571,0,2,1,403.429992675781,0
572,0,2,1,403.579986572266,0
573,0,2,1,311.209991455078,0
574,0,2,1,201.789993286133,1
575,0,3,0,196.240005493164,0
576,0,3,0,205.860000610352,0
577,0,3,0,289.570007324219,0
578,0,3,0,285.869995117188,0
579,0,3,0,285,0
580,0,3,0,281.220001220703,0
581,0,3,0,179.050003051758,0
582,0,3,0,174.309997558594,1
583,0,3,1,179.830001831055,0
584,0,3,1,492.420013427734,0
585,0,3,1,497.459991455078,0
586,0,3,1,493.869995117188,0
587,0,3,1,479.140014648438,0
588,0,3,1,220.550003051758,0
589,0,3,1,250.25,1
590,0,2,2,247.520004272461,0
591,0,2,2,320.769989013672,0
592,0,2,2,321.920013427734,0
593,0,2,2,306.410003662109,0
594,0,2,2,327.420013427734,0
595,0,2,2,323.399993896484,0
596,0,2,2,230.869995117188,0
597,0,1,2,191.880004882812,1
598,0,1,2,239.050003051758,0
599,0,1,2,315.260009765625,0
600,0,1,2,484.670013427734,0
601,0,1,2,485.190002441406,0
602,0,1,2,307.959991455078,0
603,0,1,2,215.039993286133,0
604,0,1,2,234.220001220703,1
605,0,2,1,209.210006713867,0
606,0,2,1,294.859985351562,0
607,0,2,1,404.190002441406,0
608,0,2,1,409.859985351562,0
609,0,2,1,321.220001220703,0
610,0,2,1,310,0
611,0,2,1,206.539993286133,0
612,0,2,1,209.470001220703,1
613,0,2,1,203.410003662109,0
614,0,2,1,406.640014648438,0
615,0,2,1,400.049987792969,0
616,0,2,1,398.920013427734,0
617,0,2,1,303.190002441406,0
618,0,2,1,202.029998779297,0
619,0,2,1,207.5,1
620,0,1,2,206.190002441406,0
621,0,1,2,307.170013427734,0
622,0,1,2,406.059997558594,0
623,0,1,2,404.970001220703,0
624,0,1,2,403.880004882812,0
625,0,1,2,292.730010986328,0
626,0,1,2,182.460006713867,0
627,1,0,3,436.329986572266,1
628,1,0,3,172.110000610352,0
629,1,0,3,112.529998779297,0
630,1,0,3,132.490005493164,0
631,1,0,3,141.229995727539,0
632,1,0,3,157.949996948242,0
633,1,0,3,353.329986572266,1
634,1,1,2,293.279998779297,0
635,1,1,2,219.309997558594,0
636,1,1,2,234.610000610352,1
637,1,1,2,213.240005493164,0
638,1,1,2,302.25,0
639,1,1,2,290.910003662109,0
640,1,1,2,285.059997558594,0
641,1,1,2,268.019989013672,0
642,1,1,2,256.679992675781,0
643,1,1,2,167.339996337891,0
644,1,0,1,210.369995117188,1
645,1,0,2,155.699996948242,1
646,1,0,2,222.389999389648,1
647,1,0,2,268.380004882812,1
648,1,1,2,302.149993896484,0
649,1,1,2,305.950012207031,0
650,1,1,2,306.029998779297,0
651,1,1,2,241.860000610352,0
652,1,1,2,307.489990234375,0
653,1,1,2,300.829986572266,0
654,1,1,2,204.910003662109,0
655,1,1,2,203.330001831055,0
656,1,1,2,230.679992675781,1
657,1,2,1,305.630004882812,0
658,1,2,1,304.940002441406,0
659,1,2,1,207.380004882812,1
660,1,2,0,204.229995727539,0
661,1,2,0,200.550003051758,0
662,1,2,0,285.989990234375,0
663,1,2,0,289.850006103516,0
664,1,2,0,281.290008544922,0
665,1,2,0,302.910003662109,0
666,1,2,0,299.489990234375,0
667,1,2,0,298.420013427734,0
668,1,2,0,311.600006103516,0
669,1,2,0,310.040008544922,0
670,1,2,0,211.800003051758,0
671,1,0,2,328.019989013672,1
672,1,0,2,160.550003051758,0
673,1,0,2,272.929992675781,0
674,1,0,2,279.899993896484,0
675,1,0,2,281.950012207031,1
676,1,1,3,311.559997558594,0
677,1,1,3,312.079986572266,0
678,1,1,3,312.230010986328,0
679,1,1,3,312.850006103516,0
680,1,1,3,212.75,0
681,1,1,3,234.770004272461,1
682,1,2,2,216.770004272461,0
683,1,2,2,314.540008544922,0
684,1,2,2,314.540008544922,0
685,1,2,2,214.779998779297,0
686,1,2,2,233.330001831055,1
687,1,1,2,209.809997558594,0
688,1,1,2,308.540008544922,0
689,1,1,2,314.049987792969,0
690,1,1,2,313.190002441406,0
691,1,1,2,314.619995117188,0
692,1,1,2,312.239990234375,0
693,1,0,3,390.720001220703,1
694,1,0,3,390.970001220703,0
695,1,0,3,398.950012207031,0
696,1,0,3,387.209991455078,0
697,1,0,3,271.899993896484,1
698,1,1,3,225.229995727539,0
699,1,1,3,261.630004882812,0
700,1,1,3,259.079986572266,0
701,1,1,3,351.109985351562,0
702,1,1,3,351.459991455078,0
703,1,1,3,341.470001220703,0
704,1,1,3,198.860000610352,0
705,1,1,3,225.339996337891,1
706,1,2,3,228.190002441406,1
707,1,2,3,325.25,0
708,1,2,3,325.339996337891,0
709,1,2,3,320.470001220703,0
710,1,2,3,220.080001831055,0
711,1,2,3,218.410003662109,1
712,1,1,3,206.350006103516,1
713,1,1,3,348.380004882812,0
714,1,1,3,361.839996337891,0
715,1,1,3,359.809997558594,0
716,1,0,4,241.929992675781,1
717,1,0,4,313.149993896484,0
718,1,0,4,351.329986572266,1
719,1,1,3,304.649993896484,0
720,1,1,3,305.670013427734,0
721,1,1,3,303.480010986328,0
722,1,1,3,301.329986572266,0
723,1,1,3,310.869995117188,0
724,1,1,3,310.260009765625,0
725,1,1,3,306.899993896484,0
726,1,1,3,205.929992675781,0
727,1,1,3,228.169998168945,1
728,1,2,3,223.910003662109,0
729,1,2,3,232.460006713867,0
730,1,2,3,243.449996948242,1
731,1,1,3,228.919998168945,0
732,1,1,3,301.350006103516,0
733,1,1,3,308.019989013672,0
734,1,1,3,320.119995117188,0
735,1,1,3,290.25,0
736,1,1,3,287.489990234375,0
737,1,1,3,211.949996948242,0
738,1,1,3,214.160003662109,0
739,1,0,3,407.600006103516,1
740,1,0,3,243.460006713867,0
741,1,0,3,212.710006713867,1
742,1,1,3,220.970001220703,0
743,1,1,3,289.820007324219,0
744,1,1,3,337.200012207031,0
745,1,1,3,336.200012207031,0
746,1,1,3,333.350006103516,0
747,1,1,3,332.720001220703,0
748,1,1,3,332.760009765625,0
749,1,1,3,331.109985351562,0
750,1,1,3,362.200012207031,1
751,1,2,3,227.630004882812,0
752,1,2,3,224.25,0
753,1,2,3,215.779998779297,0
754,1,2,3,210.479995727539,0
755,1,2,3,205.600006103516,1
756,1,1,3,337.109985351562,0
757,1,1,3,335.040008544922,0
758,1,1,3,337.029998779297,0
759,1,1,3,347.880004882812,0
760,1,1,3,332.839996337891,0
761,1,1,3,335.320007324219,0
762,1,1,3,294.119995117188,0
763,1,0,2,172.690002441406,1
764,1,0,2,161.020004272461,0
765,1,0,2,368.899993896484,0
766,1,0,2,171.639999389648,0
767,1,0,2,177.059997558594,1
768,1,1,2,187.979995727539,0
769,1,1,2,307.380004882812,0
770,1,1,2,306.670013427734,0
771,1,1,2,295.269989013672,0
772,1,1,2,293.079986572266,0
773,1,1,2,304.600006103516,0
774,1,1,2,312.989990234375,0
775,1,1,2,204.899993896484,0
776,1,1,2,210.529998779297,1
777,1,2,2,203.929992675781,0
778,1,2,2,301.100006103516,0
779,1,2,2,301.670013427734,0
780,1,2,2,302.239990234375,0
781,1,2,2,209.449996948242,0
782,1,2,2,241,1
783,1,1,3,216.330001831055,0
784,1,1,3,420.119995117188,0
785,1,1,3,416.859985351562,0
786,1,1,3,409.390014648438,0
787,1,1,3,416.540008544922,0
788,1,1,3,329.140014648438,0
789,1,1,3,326.859985351562,0
790,1,1,3,169.320007324219,0
791,1,0,1,182.940002441406,1
792,1,0,1,160.770004272461,0
793,1,0,1,156.580001831055,1
794,1,1,0,299.670013427734,0
795,1,1,0,299.799987792969,0
796,1,1,0,299.929992675781,0
797,1,1,0,298.570007324219,0
798,1,1,0,291.260009765625,0
799,1,1,0,278,0
800,1,1,0,294.470001220703,0
801,1,1,0,273.760009765625,0
802,1,1,0,214.820007324219,1
803,1,2,1,219.809997558594,0
804,1,2,1,214.300003051758,0
805,1,2,1,218.5,0
806,1,2,1,225.570007324219,0
807,1,2,1,227.970001220703,1
808,1,1,2,293,0
809,1,1,2,300.640014648438,0
810,1,1,2,291.299987792969,0
811,1,1,2,308.600006103516,0
812,1,1,2,298.390014648438,0
813,1,1,2,303.230010986328,0
814,1,1,2,303.100006103516,0
815,1,1,2,302.970001220703,0
816,1,2,1,188.059997558594,1
817,1,2,1,193.130004882812,0
818,1,2,1,301.369995117188,0
819,1,2,1,294.119995117188,0
820,1,2,1,195.600006103516,0
821,1,2,1,221.729995727539,1
822,1,2,2,209.699996948242,0
823,1,2,2,309.75,0
824,1,2,2,310.279998779297,0
825,1,2,2,310.649993896484,0
826,1,2,2,315.459991455078,0
827,1,2,2,315.679992675781,0
828,1,2,2,316.220001220703,0
829,1,2,2,218.199996948242,0
830,1,2,2,224.970001220703,1
831,1,3,1,210.899993896484,0
832,1,3,1,298.769989013672,0
833,1,3,1,298.880004882812,0
834,1,3,1,210.979995727539,0
835,1,3,1,205.940002441406,1
836,1,3,0,183.220001220703,0
837,1,3,0,290.350006103516,0
838,1,3,0,298.480010986328,0
839,1,3,0,297.290008544922,0
840,1,3,0,297.459991455078,0
841,1,3,0,297.769989013672,0
842,1,3,0,297.489990234375,0
843,1,3,0,197.220001220703,0
844,1,2,2,190.100006103516,1
845,1,2,2,195.380004882812,0
846,1,2,2,302.890014648438,0
847,1,2,2,305.239990234375,0
848,1,2,2,203.490005493164,0
849,1,2,2,200.75,1
850,1,2,2,205.149993896484,0
851,1,2,2,309.079986572266,0
852,1,2,2,307.899993896484,0
853,1,2,2,308.010009765625,0
854,1,2,2,307.970001220703,0
855,1,2,2,307.630004882812,0
856,1,2,2,307.589996337891,0
857,1,2,2,306.179992675781,0
858,1,2,2,204.860000610352,0
859,1,2,2,199.160003662109,1
860,1,3,2,201.929992675781,0
861,1,3,2,202.740005493164,0
862,1,3,2,209.320007324219,1
863,1,2,2,210.910003662109,0
864,1,2,2,309.980010986328,0
865,1,2,2,311.380004882812,0
866,1,2,2,311.410003662109,0
867,1,2,2,307.910003662109,0
868,1,2,2,307.929992675781,0
869,1,2,2,307.790008544922,0
870,1,2,2,308.950012207031,0
871,1,2,2,205.179992675781,0
872,1,2,3,190.830001831055,1
873,1,2,3,194.320007324219,0
874,1,2,3,294.929992675781,0
875,1,2,3,288.220001220703,0
876,1,2,3,287.809997558594,0
877,1,2,3,191.220001220703,0
878,1,2,3,190.669998168945,1
879,1,2,2,195.550003051758,0
880,1,2,2,347.579986572266,0
881,1,2,2,347.910003662109,0
882,1,2,2,348.070007324219,0
883,1,2,2,348.230010986328,0
884,1,2,2,348.390014648438,0
885,1,2,2,348.549987792969,0
886,1,2,2,325.190002441406,0
887,1,2,2,203.169998168945,0
888,1,2,2,197.580001831055,1
889,1,3,2,211.729995727539,0
890,1,3,2,310.950012207031,0
891,1,3,2,202.649993896484,0
892,1,3,2,195.479995727539,1
893,1,2,2,206.419998168945,0
894,1,2,2,296.959991455078,0
895,1,2,2,348.540008544922,0
896,1,2,2,348.390014648438,0
897,1,2,2,333.679992675781,0
898,1,2,2,307.570007324219,0
899,1,2,2,384.470001220703,0
900,1,2,2,368.529998779297,0
901,1,2,2,201.360000610352,0
902,1,2,3,242.529998779297,1
903,1,2,3,245.100006103516,0
904,1,2,3,228.020004272461,0
905,1,2,3,232.399993896484,0
906,1,2,3,250.929992675781,0
907,1,2,3,251.309997558594,1
908,1,2,2,311.339996337891,0
909,1,2,2,299.619995117188,0
910,1,2,2,300.649993896484,0
911,1,2,2,301.670013427734,0
912,1,2,2,302.700012207031,0
913,1,2,2,303.730010986328,0
914,1,2,2,306.299987792969,0
915,1,2,2,307.220001220703,0
916,1,2,2,208.410003662109,0
917,1,2,2,206.199996948242,1
918,1,3,2,204.330001831055,0
919,1,3,2,200.490005493164,0
920,1,3,2,198.919998168945,1
921,1,2,2,205.559997558594,0
922,1,2,2,307.239990234375,0
923,1,2,2,306.429992675781,0
924,1,2,2,307.170013427734,0
925,1,2,2,307.130004882812,0
926,1,2,2,307.859985351562,0
927,1,2,2,308.589996337891,0
928,1,2,2,295.309997558594,0
929,1,2,2,340.480010986328,0
930,1,2,3,265.019989013672,1
931,1,2,3,348.380004882812,0
932,1,2,3,345.890014648438,0
933,1,2,3,246.729995727539,1
934,1,2,2,235.429992675781,0
935,1,2,2,237.470001220703,0
936,1,2,2,331.609985351562,0
937,1,2,2,329.489990234375,0
938,1,2,2,327.709991455078,0
939,1,2,2,325.929992675781,0
940,1,2,2,324.299987792969,0
941,1,2,2,322.369995117188,0
942,1,2,2,238.360000610352,0
943,1,2,2,242.139999389648,0
944,1,2,2,229.25,1
945,1,3,2,305.320007324219,0
946,1,3,2,303.709991455078,0
947,1,3,2,195.149993896484,1
948,1,2,2,193.880004882812,0
949,1,2,2,189.559997558594,0
950,1,2,2,321.890014648438,0
951,1,2,2,323.820007324219,0
952,1,2,2,325.440002441406,0
953,1,2,2,327.230010986328,0
954,1,2,2,329.010009765625,0
955,1,2,2,330.799987792969,0
956,1,2,2,227.270004272461,0
957,1,2,2,269.640014648438,0
958,1,2,2,199.830001831055,1
959,1,2,2,309.989990234375,0
960,1,2,2,292.019989013672,0
961,1,2,2,292.299987792969,0
962,1,2,2,205.5,1
963,1,2,2,210,0
964,1,2,2,231,0
965,1,2,2,410.859985351562,0
966,1,2,2,336.209991455078,0
967,1,2,2,373.470001220703,0
968,1,2,2,373.730010986328,0
969,1,2,2,373.980010986328,0
970,1,2,2,374.239990234375,0
971,1,2,2,202.009994506836,0
972,1,2,2,202,0
973,1,2,2,217.699996948242,1
974,1,3,2,310,0
975,1,3,2,310,0
976,1,3,2,310,0
977,1,3,2,215.720001220703,1
978,1,2,2,201.520004272461,0
979,1,2,2,206.149993896484,0
980,1,2,2,372.380004882812,0
981,1,2,2,372.170013427734,0
982,1,2,2,371.950012207031,0
983,1,2,2,371.739990234375,0
984,1,2,2,372.230010986328,0
985,1,2,2,371.839996337891,0
986,1,2,2,210.119995117188,0
987,1,2,2,212.210006713867,0
988,1,2,1,228.130004882812,1
989,1,2,1,217.509994506836,0
990,1,2,1,204.779998779297,0
991,1,2,1,204.630004882812,0
992,1,2,1,207.220001220703,1
993,1,2,0,199.410003662109,0
994,1,2,0,309.630004882812,0
995,1,2,0,304.809997558594,0
996,1,2,0,291.940002441406,0
997,1,2,0,299.970001220703,0
998,1,2,0,301.980010986328,0
999,1,2,0,318.829986572266,0
1000,1,2,0,337.579986572266,0
1001,1,2,0,342.480010986328,0
1002,1,2,0,226.309997558594,0
1003,1,2,0,229.210006713867,1
1004,1,3,1,225.5,0
1005,1,3,1,225.050003051758,0
1006,1,3,1,236.789993286133,1
1007,1,2,2,208.75,0
1008,1,2,2,282.040008544922,0
1009,1,2,2,246.289993286133,0
1010,1,2,2,246.940002441406,0
1011,1,2,2,308.880004882812,0
1012,1,2,2,314.420013427734,0
1013,1,2,2,315.619995117188,0
1014,1,2,2,314.339996337891,0
1015,1,2,2,331.649993896484,0
1016,1,2,2,307.100006103516,0
1017,1,3,1,246.580001831055,1
1018,1,3,1,247.490005493164,0
1019,1,3,1,355.230010986328,0
1020,1,3,1,354.309997558594,0
1021,1,3,1,240.589996337891,0
1022,1,3,1,261.959991455078,1
1023,1,3,1,212.389999389648,0
1024,1,3,1,321.170013427734,0
1025,1,3,1,317.089996337891,0
1026,1,3,1,315.880004882812,0
1027,1,4,0,317.450012207031,0
1028,1,4,0,320.049987792969,0
1029,1,4,0,325.899993896484,0
1030,1,4,0,214.169998168945,0
1031,1,3,2,292.519989013672,1
1032,1,3,2,243.110000610352,0
1033,1,3,2,242.259994506836,0
1034,1,3,2,280.369995117188,1
1035,1,3,1,227.820007324219,0
1036,1,3,1,312.690002441406,0
1037,1,3,1,313.260009765625,0
1038,1,3,1,308.950012207031,0
1039,1,3,1,312.730010986328,0
1040,1,3,1,310.940002441406,0
1041,1,3,1,309.130004882812,0
1042,1,3,1,309.179992675781,0
1043,1,3,1,305.179992675781,0
1044,1,3,1,206.729995727539,0
1045,1,3,2,248.919998168945,1
1046,1,3,2,230.550003051758,0
1047,1,3,2,233.429992675781,0
1048,1,3,2,230.529998779297,0
1049,1,3,2,231.309997558594,1
1050,1,3,1,203.279998779297,0
1051,1,3,1,303.769989013672,0
1052,1,3,1,307.829986572266,0
1053,1,3,1,296.079986572266,0
1054,1,3,1,302.070007324219,0
1055,1,3,1,395.160003662109,0
1056,1,3,1,394.660003662109,0
1057,1,3,1,384.359985351562,0
1058,1,3,1,405.5,0
1059,1,3,1,190,0
1060,1,3,2,204.449996948242,1
1061,1,3,2,210.050003051758,0
1062,1,3,2,207.820007324219,0
1063,1,3,2,201.649993896484,1
1064,1,3,1,204.600006103516,0
1065,1,3,1,302.089996337891,0
1066,1,3,1,300.350006103516,0
1067,1,3,1,299.510009765625,0
1068,1,3,1,302.920013427734,0
1069,1,3,1,311.209991455078,0
1070,1,3,1,295.730010986328,0
1071,1,3,1,302.959991455078,0
1072,1,3,1,304.690002441406,0
1073,1,3,1,216.929992675781,0
1074,1,3,2,199.830001831055,1
1075,1,3,2,300,0
1076,1,3,2,300,0
1077,1,3,2,300,0
1078,1,3,2,187.399993896484,1
1079,1,3,1,199.419998168945,0
1080,1,3,1,199.589996337891,0
1081,1,3,1,354.929992675781,0
1082,1,3,1,355.149993896484,0
1083,1,3,1,353.619995117188,0
1084,1,3,1,355.450012207031,0
1085,1,3,1,356.940002441406,0
1086,1,3,1,356.670013427734,0
1087,1,3,1,201.970001220703,0
1088,1,3,1,203.149993896484,0
1089,1,3,1,217.050003051758,1
1090,1,3,1,301.739990234375,0
1091,1,3,1,301.260009765625,0
1092,1,3,1,213.539993286133,1
1093,1,3,0,216.889999389648,0
1094,1,3,0,212.009994506836,0
1095,1,3,0,312.989990234375,0
1096,1,3,0,316.510009765625,0
1097,1,3,0,308.359985351562,0
1098,1,3,1,309.290008544922,0
1099,1,3,1,311.540008544922,0
1100,1,3,1,309.989990234375,0
1101,1,3,1,205.789993286133,0
1102,1,3,1,207.899993896484,0
