"parcelId","householdId","propertyOffer","propertyRight","ageOrigSquatter","femaleOrigSquatter","argentineOrigSquatter","educationYearsOrigSquatter","argentineOrigSquatterFather","educYearsOrigSquatterFather","argentineOrigSquatterMother","educYearsOrigSquatterMother","successAlone","moneyImportant","effortBetter","trustOthers","marketBeliefs"
5,3,0,0,48,0,1,7,1,4,1,4,0,0,1,0,1
6,37,0,0,55,0,1,7,0,7,1,7,0,0,1,0,1
8,6,0,0,37,0,1,7,1,4,1,4,0,1,1,0,2
11,10,0,0,60,0,1,7,1,4,1,4,0,0,0,1,1
12,11,0,0,43,0,1,4,1,4,1,4,0,0,1,0,1
13,13,0,0,41,0,1,4,1,4,1,4,0,0,1,0,1
16,14,0,0,43,1,1,7,1,12,1,4,1,1,1,1,4
39,63,0,0,73,1,1,7,1,4,1,4,1,0,1,1,3
40,23,0,0,43,0,1,7,1,7,1,4,0,0,1,1,2
41,24,0,0,60,1,1,7,0,4,1,4,0,0,0,0,0
44,25,0,0,50,0,0,7,0,7,0,7,0,0,1,0,1
46,26,0,0,42,1,1,7,0,4,1,4,0,0,1,0,1
47,27,0,0,53,0,1,7,1,4,1,4,1,1,1,0,3
53,31,0,0,43,1,0,12,0,4,0,4,0,1,0,1,2
55,33,0,0,75,1,1,4,1,4,1,4,0,0,1,0,1
56,34,0,0,49,1,0,7,0,7,0,7,0,0,1,0,1
57,35,0,0,53,0,1,4,1,4,1,4,1,1,1,1,4
60,38,0,0,52,0,1,7,1,7,1,7,1,1,0,0,2
61,39,0,0,42,0,1,7,1,7,1,7,0,1,0,0,1
62,40,0,0,45,0,1,7,1,7,1,4,0,0,1,1,2
65,42,0,0,36,0,1,7,1,4,1,7,1,0,1,1,3
66,43,0,0,50,1,1,7,1,4,1,4,1,0,1,0,2
67,44,0,0,41,1,0,7,0,4,0,4,1,0,1,0,2
69,45,0,0,42,0,1,4,1,4,0,4,0,0,1,1,2
72,46,0,0,47,1,1,4,0,7,0,7,0,0,1,0,1
73,47,0,0,39,0,1,7,0,7,0,7,0,0,1,1,2
76,8,0,0,62,1,1,7,1,4,1,4,0,1,0,0,1
85,91,0,0,42,0,1,4,1,4,1,4,1,1,1,1,4
88,53,0,0,51,1,1,4,1,4,0,4,0,0,1,0,1
89,54,0,0,52,0,1,4,1,4,0,4,1,0,1,0,2
91,55,0,0,45,1,1,4,0,4,0,4,0,1,0,0,1
100,56,0,0,45,0,1,4,0,4,0,4,0,1,1,0,2
101,57,0,0,42,1,1,7,0,7,0,7,0,1,1,0,2
112,20,1,1,45,1,1,4,1,4,1,4,1,0,1,0,2
113,60,1,1,43,1,1,7,1,4,1,7,1,0,1,1,3
116,61,0,0,68,0,1,4,1,4,1,4,1,0,0,0,1
118,64,0,0,62,1,1,4,1,4,1,4,0,0,1,0,1
120,65,0,0,42,1,1,7,1,4,1,4,0,1,1,0,2
123,66,1,1,45,1,1,4,1,4,1,4,0,1,0,0,1
140,67,1,1,33,0,1,7,1,4,1,4,0,1,1,0,2
144,69,1,1,53,0,1,4,1,4,1,4,1,1,1,0,3
145,70,1,1,48,1,1,9,0,4,1,7,0,1,0,0,1
147,71,1,1,43,1,1,7,1,4,1,4,1,0,0,1,2
163,75,1,1,40,0,1,7,1,7,1,7,0,1,1,0,2
164,76,1,1,44,0,1,4,1,4,1,7,0,1,1,1,3
170,77,1,1,53,0,1,4,1,4,1,4,0,1,0,0,1
172,78,1,1,45,0,1,7,1,7,1,7,1,0,1,0,2
180,80,1,0,45,0,1,7,1,7,1,4,0,1,0,0,1
188,81,1,1,39,0,1,7,1,4,1,4,0,0,1,1,2
189,82,1,1,68,1,1,7,1,4,1,4,0,0,1,0,1
194,83,1,1,52,1,1,7,1,4,1,4,1,0,0,0,1
205,85,1,1,57,0,1,9,1,4,1,7,1,0,0,0,1
225,86,1,1,NA,0,1,7,1,4,1,4,0,0,1,1,2
244,87,1,1,62,0,1,4,1,4,1,4,0,0,1,1,2
246,88,1,1,41,0,0,12,0,7,0,7,1,1,1,1,4
272,92,1,1,47,1,1,7,1,4,1,4,1,1,0,1,3
280,93,1,1,61,0,1,4,1,4,1,4,1,1,1,1,4
283,94,1,1,58,0,1,7,1,4,1,4,0,0,1,0,1
303,246,0,0,42,0,1,4,1,4,1,4,0,0,1,0,1
307,247,0,0,64,0,0,7,1,4,0,7,0,1,1,0,2
315,250,0,0,51,0,0,9,0,7,0,7,0,1,1,0,2
321,251,0,0,50,0,1,4,1,4,1,4,0,1,1,0,2
328,256,0,0,40,0,1,7,1,7,1,7,1,1,0,0,2
350,95,0,0,43,0,1,4,1,4,1,4,0,0,1,0,1
353,96,0,0,74,0,1,4,1,4,1,4,0,0,1,1,2
354,97,0,0,55,0,0,7,0,4,0,4,0,1,1,0,2
356,100,0,0,45,0,1,7,0,4,1,4,0,0,0,0,0
358,101,0,0,40,0,1,7,1,4,1,4,0,1,1,1,3
359,102,0,0,41,0,1,9,1,4,1,4,0,0,1,0,1
361,104,0,0,57,1,1,4,1,4,1,4,0,0,1,0,1
372,111,0,0,54,0,1,4,1,4,1,4,0,1,1,0,2
376,115,0,0,62,0,1,4,1,4,1,4,0,0,1,0,1
377,116,0,0,46,0,1,7,1,4,1,4,0,0,1,1,2
390,117,0,0,65,0,1,7,1,4,1,4,0,1,0,0,1
395,118,0,0,47,0,1,7,1,4,1,4,0,0,0,1,1
397,119,0,0,42,0,1,7,1,7,1,4,0,1,1,1,3
406,99,0,0,38,0,1,7,1,4,1,4,0,0,0,0,0
414,129,0,0,43,1,1,9,1,4,1,4,1,1,0,0,2
415,130,0,0,41,1,0,7,0,4,0,4,1,1,1,1,4
419,132,0,0,54,0,1,7,0,4,1,4,0,0,0,0,0
420,133,0,0,53,1,1,4,1,4,1,4,1,1,1,0,3
422,136,0,0,40,1,0,7,0,12,0,4,1,1,1,1,4
424,137,0,0,74,0,0,4,0,4,0,4,1,1,0,0,2
426,138,0,0,43,0,1,7,1,4,1,4,0,1,1,0,2
427,185,0,0,56,1,1,4,1,4,1,4,0,1,1,1,3
428,139,0,0,54,0,1,4,1,4,1,4,0,0,1,1,2
429,140,0,0,58,1,1,7,1,4,1,4,0,1,1,1,3
436,143,0,0,34,1,1,7,1,4,1,7,1,0,1,1,3
442,147,0,0,50,0,1,7,1,4,1,4,1,1,0,0,2
446,148,0,0,57,0,1,4,1,4,1,4,0,1,0,0,1
447,149,0,0,62,0,1,7,1,4,1,4,0,0,1,0,1
450,150,0,0,52,0,1,7,1,4,1,4,0,1,1,1,3
453,153,0,0,49,1,1,7,1,4,1,4,0,0,1,0,1
460,154,0,0,NA,0,1,7,1,4,1,4,0,0,0,0,0
463,156,0,0,45,1,1,4,1,4,1,4,0,0,1,0,1
464,157,0,0,55,0,1,4,1,4,1,4,0,0,1,0,1
473,158,0,0,41,0,1,7,1,4,1,4,1,1,1,0,3
474,159,0,0,50,0,1,4,0,NA,0,NA,1,1,1,0,3
478,163,0,0,51,1,1,7,1,4,1,4,0,1,1,1,3
479,164,0,0,50,0,1,7,1,4,1,7,0,1,0,1,2
480,128,0,0,45,0,1,4,0,4,1,4,0,1,0,0,1
481,166,0,0,52,0,1,7,1,4,1,4,0,1,0,0,1
490,169,0,0,51,1,1,4,1,4,1,4,0,0,1,1,2
491,173,0,0,38,1,1,9,1,4,1,12,1,1,0,0,2
492,170,0,0,47,0,1,7,1,4,1,4,0,0,0,1,1
500,161,0,0,51,1,0,7,NA,NA,NA,NA,1,1,1,0,3
506,177,0,0,46,1,1,4,1,7,1,4,0,0,1,0,1
511,180,0,0,42,0,1,12,1,7,1,7,1,0,1,0,2
512,204,0,0,26,0,1,7,1,4,1,4,0,1,1,0,2
513,223,0,0,45,0,1,4,1,4,1,4,0,0,1,0,1
517,234,0,0,37,0,1,7,1,4,1,4,0,1,1,0,2
522,186,0,0,51,1,1,7,0,4,0,4,1,0,1,1,3
526,188,0,0,51,1,1,4,1,4,1,4,0,1,0,0,1
527,212,0,0,45,1,1,7,1,4,1,4,1,0,1,0,2
528,202,0,0,58,0,1,4,1,4,1,4,1,0,1,0,2
531,189,0,0,37,1,1,4,1,4,1,4,0,0,1,0,1
532,190,0,0,40,1,1,9,1,9,1,7,0,0,1,1,2
534,191,0,0,54,0,1,7,1,4,1,4,0,0,1,0,1
542,195,0,0,50,1,1,15,1,4,1,4,1,1,1,1,4
543,196,0,0,56,1,1,4,1,7,1,4,0,0,0,0,0
545,197,0,0,47,0,1,7,1,4,1,4,1,1,0,0,2
552,205,0,0,34,1,1,9,1,4,0,4,1,0,1,1,3
555,207,0,0,27,1,1,4,1,4,1,4,0,1,0,1,2
559,209,0,0,44,1,1,7,1,4,1,4,1,1,0,0,2
560,210,0,0,49,0,1,4,1,4,1,4,0,0,1,0,1
570,213,0,0,66,1,1,4,1,4,1,4,0,1,1,0,2
572,215,0,0,38,0,1,7,1,4,1,4,1,1,1,0,3
574,218,0,0,72,1,1,4,1,4,1,4,0,0,0,0,0
579,219,0,0,45,1,1,4,1,4,1,4,0,1,0,1,2
590,225,0,0,47,0,1,4,1,4,1,4,0,0,1,0,1
594,226,0,0,45,1,1,4,1,4,1,4,1,0,1,0,2
602,227,0,0,40,1,1,4,1,7,1,4,0,1,1,1,3
604,228,0,0,48,0,1,7,0,NA,0,NA,0,0,1,0,1
608,230,0,0,76,0,1,4,1,4,1,4,1,1,1,0,3
612,231,0,0,33,0,1,7,1,4,1,4,0,0,1,0,1
630,236,1,0,31,0,1,9,1,4,1,7,NA,NA,1,0,NA
637,240,1,0,43,1,1,7,1,4,1,4,1,0,1,0,2
638,242,1,0,49,0,1,4,1,4,1,4,1,1,1,0,3
643,245,1,0,32,1,1,4,1,4,1,4,0,1,1,0,2
644,269,1,1,40,0,1,7,1,4,1,4,1,0,1,0,2
645,270,1,1,67,0,0,7,0,4,0,4,0,1,1,0,2
648,271,1,1,65,0,1,4,1,4,1,4,0,1,1,0,2
649,272,1,1,40,1,1,4,1,4,1,4,0,1,1,0,2
650,273,1,1,48,0,1,7,1,4,1,4,0,1,1,0,2
652,274,1,1,49,0,0,12,0,7,0,7,1,1,1,1,4
653,275,1,0,45,0,1,12,1,7,1,7,1,0,1,0,2
655,277,1,1,47,1,1,4,1,4,1,4,1,0,1,0,2
657,278,1,1,39,0,1,7,1,4,1,4,0,1,1,1,3
660,280,1,1,66,1,1,4,0,4,1,7,0,0,1,1,2
661,281,1,1,42,0,1,4,1,4,0,4,0,1,1,0,2
664,282,1,1,77,0,1,4,1,4,1,4,0,0,1,0,1
667,285,1,1,59,1,1,4,1,4,1,4,0,1,0,0,1
668,286,1,1,62,0,1,4,1,4,1,4,0,1,1,0,2
669,287,1,1,70,1,1,7,0,4,0,4,0,1,1,0,2
670,288,1,1,46,1,1,4,1,4,1,4,0,1,1,0,2
671,289,1,1,31,0,1,4,1,4,1,4,0,1,1,1,3
674,292,1,1,46,0,1,4,1,4,1,4,1,0,1,0,2
676,294,1,1,46,1,1,4,1,7,1,4,1,0,1,1,3
679,298,1,1,65,0,1,7,1,4,1,4,1,1,0,0,2
680,299,1,1,65,0,1,4,1,4,1,4,1,1,1,0,3
681,300,1,1,46,0,1,7,1,4,1,4,0,1,1,0,2
682,301,1,1,55,0,1,7,1,4,1,4,0,1,1,1,3
684,303,1,1,53,1,1,7,1,4,1,4,1,1,1,1,4
688,309,1,1,47,0,1,4,1,4,1,4,0,0,1,0,1
689,310,1,1,63,1,1,7,0,4,1,4,1,1,1,0,3
690,311,1,1,45,1,1,7,1,7,0,7,0,1,1,1,3
691,312,1,1,41,1,1,4,1,4,0,4,0,1,1,0,2
692,313,1,0,52,1,0,7,0,4,0,4,0,0,1,1,2
693,314,1,1,59,0,1,4,1,4,1,4,0,0,0,1,1
694,315,1,1,35,1,1,4,1,4,1,4,0,1,1,0,2
695,316,1,1,64,1,1,4,1,4,1,4,0,1,1,0,2
696,317,1,0,33,0,1,4,1,4,1,4,0,1,1,0,2
704,325,1,1,37,0,1,7,1,4,1,4,1,1,1,1,4
705,326,1,1,72,1,1,12,1,7,1,7,1,1,1,1,4
706,327,1,1,42,0,1,9,1,7,1,7,0,0,1,1,2
707,328,1,1,62,0,0,7,0,7,0,7,0,1,1,1,3
711,332,1,1,40,0,1,7,1,4,1,4,0,1,1,0,2
713,335,1,1,53,1,1,4,1,4,1,4,1,1,1,1,4
714,336,1,1,51,1,1,7,1,4,1,7,0,1,1,1,3
715,337,1,0,46,1,1,7,1,7,1,7,1,1,1,1,4
719,341,1,1,42,0,1,4,1,4,1,4,0,0,0,0,0
721,343,1,0,72,0,1,4,1,4,1,4,1,0,1,1,3
722,344,1,1,43,0,1,7,1,4,1,4,0,0,1,0,1
727,349,1,1,39,1,0,9,0,7,0,7,0,1,1,0,2
729,351,1,1,51,1,1,7,1,7,1,7,0,1,1,1,3
730,352,1,1,45,0,1,7,1,7,1,7,0,1,1,0,2
731,353,1,1,62,1,0,4,0,4,0,4,0,1,0,0,1
732,354,1,1,39,0,0,7,0,4,0,4,1,1,1,0,3
734,356,1,1,55,0,1,4,1,4,1,4,0,0,0,0,0
735,357,1,1,60,1,1,4,1,4,1,4,1,1,1,0,3
742,366,1,1,41,0,1,7,1,4,1,4,0,0,0,0,0
743,367,1,1,43,0,1,4,1,4,1,4,0,1,1,0,2
744,368,1,1,51,0,1,4,1,4,1,4,1,1,1,0,3
745,369,1,1,38,0,1,4,0,4,1,4,0,1,0,1,2
746,370,1,1,42,0,1,7,1,4,1,4,0,1,1,1,3
748,372,1,1,52,1,1,7,1,4,1,4,1,1,1,1,4
749,373,1,1,42,1,1,7,1,4,1,4,1,1,1,1,4
750,374,1,1,43,0,1,7,1,4,1,4,1,1,1,1,4
751,375,1,0,60,1,1,4,1,4,1,4,1,1,1,1,4
752,377,1,1,46,0,1,4,1,4,1,4,1,1,1,0,3
755,382,1,1,57,0,0,7,1,4,1,4,1,1,1,1,4
756,383,1,1,64,0,0,4,0,4,0,4,0,1,1,1,3
757,385,1,1,NA,0,1,7,0,4,0,4,1,1,1,0,3
758,386,1,1,73,0,0,7,1,4,1,4,0,1,1,0,2
759,387,1,1,44,0,1,4,1,4,1,4,0,0,1,0,1
760,388,1,1,49,1,0,4,0,4,0,4,0,1,1,1,3
762,390,1,0,47,0,1,7,1,4,1,4,0,1,1,1,3
764,393,1,1,46,0,1,4,1,4,0,4,1,1,1,1,4
765,394,1,1,46,0,1,4,1,4,0,4,1,0,1,1,3
770,399,1,1,50,1,1,4,1,4,1,4,1,1,1,0,3
771,400,1,1,43,0,1,7,1,4,1,4,0,1,0,0,1
772,401,1,0,37,1,1,4,1,4,1,4,1,0,1,0,2
773,402,1,1,49,0,1,4,1,4,1,4,0,1,0,1,2
774,403,1,1,51,0,1,7,1,4,1,4,1,1,1,0,3
775,404,1,1,65,1,1,4,1,4,1,4,0,1,0,0,1
776,405,1,1,43,0,1,7,1,4,1,4,0,1,0,0,1
777,406,1,1,51,0,1,7,1,4,1,4,0,1,1,0,2
778,407,1,1,53,0,0,7,0,4,0,7,1,1,1,1,4
779,408,1,1,56,0,1,7,1,4,1,4,1,0,1,0,2
780,409,1,1,81,0,1,4,1,4,1,4,0,0,1,0,1
782,411,1,1,47,1,1,4,1,4,1,4,1,0,0,0,1
783,412,1,1,42,1,1,7,1,4,1,4,1,1,1,0,3
785,414,1,1,54,0,0,12,0,4,1,4,1,1,0,1,3
786,415,1,1,56,1,1,4,1,4,1,4,0,1,1,0,2
787,416,1,1,66,1,1,7,1,4,1,4,0,1,1,0,2
788,417,1,1,46,0,1,7,1,4,1,4,1,0,1,0,2
789,418,1,1,70,1,1,4,1,4,1,4,1,1,0,1,3
793,423,1,1,53,1,1,7,1,7,1,7,1,1,1,1,4
794,424,1,1,55,0,1,7,1,7,1,7,1,0,1,0,2
795,425,1,1,54,0,1,7,1,4,1,4,1,1,0,0,2
796,426,1,1,43,0,0,7,0,4,0,4,0,0,1,1,2
797,427,1,1,70,0,1,4,1,4,0,4,1,0,1,0,2
799,429,1,0,NA,0,1,7,1,4,1,7,0,0,0,0,0
800,430,1,1,44,1,1,4,1,4,1,4,0,0,1,1,2
801,431,1,1,47,0,1,7,1,4,1,4,0,1,1,0,2
802,432,1,1,61,0,1,7,1,4,1,4,0,0,0,0,0
803,433,1,1,45,0,1,7,1,4,1,4,1,0,1,0,2
804,434,1,1,52,0,1,7,1,4,1,4,1,0,1,0,2
805,435,1,1,53,0,1,4,1,4,1,4,0,0,1,0,1
806,436,1,1,42,0,1,7,1,4,1,4,1,1,1,1,4
808,438,1,1,64,0,1,7,1,4,1,4,1,1,1,1,4
809,439,1,0,76,0,1,7,1,4,1,4,1,1,1,1,4
810,440,1,1,68,1,1,4,1,4,1,NA,0,1,1,1,3
812,442,1,1,40,1,1,7,1,4,1,4,0,1,1,0,2
814,444,1,1,50,0,1,7,1,4,1,4,0,0,1,0,1
816,446,1,1,49,0,1,7,1,4,1,7,1,0,0,0,1
818,449,1,1,60,0,1,4,1,4,0,4,0,0,1,1,2
819,450,1,1,40,1,1,4,1,4,1,4,1,0,1,0,2
820,451,1,1,42,0,1,7,1,7,1,7,0,1,0,0,1
821,452,1,1,49,0,1,9,1,4,1,4,1,1,1,1,4
822,453,1,1,62,1,0,4,0,4,0,4,0,0,1,0,1
824,454,1,1,42,1,1,4,1,4,1,4,0,0,1,0,1
833,456,1,1,NA,1,1,7,1,4,1,7,0,0,1,0,1
840,457,1,1,55,0,1,7,1,4,1,4,1,1,1,0,3
843,458,1,0,42,0,1,7,0,4,0,4,0,0,0,1,1
844,459,1,1,53,0,1,7,1,7,1,7,0,1,1,0,2
845,307,1,1,52,1,1,7,1,4,1,4,0,1,1,1,3
851,460,1,1,50,1,1,7,1,4,1,4,1,1,1,0,3
868,462,1,1,52,0,1,4,1,4,1,4,0,1,1,0,2
873,471,1,1,40,1,1,4,1,4,1,4,1,1,1,1,4
882,463,1,1,47,1,1,7,1,4,1,4,1,0,1,0,2
885,464,1,1,59,0,0,4,0,4,0,4,0,0,1,1,2
891,465,1,1,64,1,1,7,1,4,1,4,0,0,1,0,1
896,466,1,1,48,1,1,7,1,4,1,7,0,1,1,0,2
900,467,1,1,42,1,1,7,1,4,1,4,1,0,1,1,3
908,506,1,1,64,0,0,4,0,4,0,4,0,1,1,1,3
911,468,1,1,43,0,1,7,0,4,1,4,0,0,1,1,2
922,473,1,1,63,0,1,7,1,4,1,4,1,1,0,0,2
927,474,1,1,42,1,1,7,1,4,1,4,1,1,1,0,3
931,495,1,1,52,0,1,7,1,4,1,4,1,1,1,1,4
932,448,1,1,52,0,1,7,1,7,1,7,1,1,0,1,3
933,392,1,1,46,0,1,9,1,7,1,7,1,0,1,0,2
934,334,1,0,38,0,1,7,1,7,1,7,0,0,1,1,2
948,475,1,1,49,0,1,4,1,4,1,4,1,1,1,1,4
951,476,1,1,47,0,1,4,1,4,1,4,0,1,0,1,2
955,477,1,1,51,0,1,7,1,7,1,4,0,1,1,0,2
956,500,1,0,33,0,1,4,1,4,0,4,0,1,0,0,1
957,493,1,1,55,1,1,4,1,7,1,4,0,0,1,1,2
959,478,1,1,37,0,1,4,1,4,1,4,0,1,1,1,3
961,480,1,0,60,0,1,4,1,4,1,4,0,1,1,1,3
962,481,1,1,NA,0,1,4,1,4,1,4,0,1,1,0,2
963,482,1,1,53,1,1,7,1,4,1,4,0,0,1,0,1
970,484,1,1,57,1,1,4,1,4,1,4,0,1,1,0,2
977,485,1,1,43,1,1,7,1,4,1,4,1,1,1,0,3
985,486,1,1,37,1,1,7,1,4,1,4,0,1,1,0,2
986,487,1,0,31,1,1,7,1,4,1,4,0,1,1,1,3
987,488,1,1,67,0,1,7,1,4,1,4,1,1,1,0,3
989,490,1,0,51,0,1,4,1,4,1,4,1,1,1,1,4
990,491,1,1,43,0,1,7,1,4,1,4,0,1,1,1,3
993,496,1,1,52,0,1,7,1,4,1,7,1,1,1,0,3
994,497,1,1,51,0,1,4,1,4,1,4,0,1,0,0,1
995,498,1,1,46,0,1,7,1,4,1,4,0,1,1,0,2
1003,501,1,1,26,0,1,9,1,7,0,4,0,1,1,1,3
1013,503,1,1,55,0,1,4,1,4,1,4,1,0,1,1,3
1045,509,1,1,52,0,1,4,1,4,1,4,0,1,0,0,1
1048,510,1,1,53,0,1,7,1,4,1,4,0,1,1,1,3
1051,511,1,1,48,0,1,12,1,7,1,7,1,1,1,1,4
1061,515,1,1,49,0,1,4,1,4,1,4,0,1,1,0,2
1101,360,1,1,72,0,1,4,1,4,1,4,1,1,1,0,3
1102,380,1,1,51,0,1,7,0,4,1,4,1,1,0,1,3
