"participantid","vote_prefer","treat","actor","female","inscrite","cousin_subject","education","vecu_ailleurs"
"175_v2",4,1,1,0,1,"1",5,1
"184_v2",4,0,1,0,1,"0",4,1
"186_v1",3,0,2,0,1,"0",5,1
"188_v1",4,0,2,0,1,"1",5,1
"188_v2",4,0,1,0,1,"0",5,1
"190_v1",5,0,1,1,1,"0",5,1
"191_v1",7,1,2,0,1,"1",2,1
"191_v2",4,1,1,0,1,"1",2,1
"192_v1",5,0,2,0,1,"0",5,0
"192_v2",2,1,1,0,1,"1",5,0
"195_v1",4,0,2,0,1,"0",5,0
"196_v1",4,0,1,0,1,"1",2,0
"198_v2",3,0,2,1,1,"0",4,1
"199_v2",5,1,1,0,1,"0",5,1
"200_v2",3,0,2,1,1,"0",4,1
"201_v1",4,0,2,1,1,"0",5,1
"202_v1",6,0,2,1,0,"0",2,1
"203_v2",3,1,2,0,1,"1",4,1
"205_v1",2,0,2,0,1,"0",3,1
"208_v1",5,1,2,0,1,"0",5,1
"209_v1",4,1,1,0,1,"0",5,1
"210_v1",6,0,2,0,NA,"0",5,1
"211_v2",6,0,1,0,1,"0",1,1
"216_v2",2,1,2,0,1,"1",3,1
"217_v1",5,1,2,1,1,"0",3,1
"217_v2",3,1,1,1,1,"0",3,1
"218_v1",3,0,1,0,1,"0",5,1
"219_v2",4,0,1,1,1,"0",3,1
"221_v2",5,0,2,1,1,"0",3,1
"222_v2",6,1,1,0,1,"0",3,1
"223_v2",3,0,2,1,1,"0",5,0
"225_v1",5,1,2,0,1,"1",5,1
"228_v1",4,0,2,1,1,"0",1,1
"231_v1",5,1,2,0,1,"1",5,1
"235_v1",7,1,1,1,1,"0",5,1
"237_v2",7,0,2,1,1,"0",5,1
"239_v2",5,1,2,1,1,"0",1,1
"240_v1",4,1,2,0,1,"0",NA,1
"247_v1",4,1,1,0,NA,"1",2,1
"249_v1",2,0,1,1,1,"1",2,0
"306_v1",3,1,2,0,1,"0",2,1
"310_v1",7,0,1,0,1,"0",2,0
"312_v1",6,0,2,0,0,"0",0,1
"314_v1",7,1,2,0,0,"0",2,1
"315",6,0,2,1,1,"0",5,1
"316_v2",6,0,2,1,1,"0",NA,1
"317_v2",6,0,2,0,0,"0",0,1
"322_v1",5,0,1,0,1,"0",0,1
"325_v2",7,1,1,0,1,"0",2,1
"326_v2",6,0,2,0,1,"0",0,1
"328_v2",4,0,1,0,1,"0",NA,1
"331_v2",4,0,1,0,1,"0",5,1
"333",7,1,1,0,1,"0",0,1
"335_v1",6,1,2,1,1,"0",5,1
"337_v1",5,1,2,0,0,"0",3,1
"338_v1",4,1,2,0,0,"0",3,1
"338_v2",6,0,1,0,0,"0",3,1
"339_v1",6,0,2,0,1,"0",6,1
"342_v1",6,0,2,0,0,"0",0,1
"342_v2",5,0,1,0,0,"0",0,1
"344_v2",7,1,1,0,1,"1",6,1
"346_v1",7,1,1,1,0,"0",4,1
"346_v2",6,0,2,1,0,"0",4,1
"348_v1",7,1,2,0,1,"1",6,1
"349_v2",7,0,1,0,0,"1",3,1
"351_v1",6,1,2,0,0,"0",4,1
"354_v1",5,1,2,1,1,"1",4,1
"355_v2",5,0,1,0,0,"0",3,1
"356_v1",7,0,2,0,1,"0",6,1
"359_v2",5,0,1,0,1,"0",4,1
"362_v1",7,1,2,0,0,"0",2,1
"362_v2",5,0,1,0,0,"0",2,1
"367",5,0,99,0,0,"0",2,1
"370_v1",7,1,2,0,1,"0",4,1
"370_v2",3,0,1,0,1,"0",4,1
"371",7,0,2,0,1,"0",3,1
"374_v1",7,0,1,0,0,"0",2,0
"378_v2",7,0,2,0,0,"0",5,1
"383_v1",7,1,2,0,0,"0",4,1
"383_v2",7,1,1,0,0,"0",4,1
"385_v2",4,0,2,0,0,"0",2,1
"388_v1",5,0,1,0,1,"0",5,1
"389_v2",7,1,1,0,1,"0",6,1
"390_v1",5,0,2,0,1,"0",2,1
"391_v2",6,0,1,0,0,"0",2,1
"394_v2",5,0,1,0,1,"0",2,1
"395_v2",5,1,1,0,1,"0",5,1
"396_v2",6,1,1,0,0,"0",0,1
"397_v2",7,1,1,1,0,"1",2,1
"399",4,0,2,0,0,"0",3,1
"502_v2",5,0,1,0,1,"0",1,1
"504_v1",4,1,1,0,1,"0",NA,1
"506_v1",4,1,2,1,1,"0",5,1
"508_v2",4,1,1,0,1,"0",5,1
"509_v1",1,0,1,0,1,"0",5,1
"512_v2",1,1,2,0,1,"1",3,1
"518_v1",2,1,2,0,1,"0",3,1
"523_v1",4,1,1,0,0,"0",1,1
"523_v2",4,1,2,0,0,"1",1,1
"525_v1",5,1,1,0,1,"1",3,0
"525_v2",4,1,2,0,1,"1",3,0
"526_v1",5,0,2,0,1,"1",5,1
"528_v1",4,0,2,1,0,"0",5,1
"528_v2",4,1,1,1,0,"0",5,1
"530_v2",1,1,1,1,1,"1",NA,1
"532_v1",4,0,2,0,1,"0",5,1
"534_v2",4,0,1,0,1,"1",5,1
"537_v1",2,1,2,0,1,"0",5,0
"537_v2",3,1,1,0,1,"0",5,0
"540_v2",3,0,1,0,1,"0",NA,1
"544_v1",4,0,2,0,1,"0",5,0
"544_v2",4,0,1,0,1,"0",5,0
"547_v1",4,0,1,0,1,"0",5,1
"557_v2",5,1,2,0,1,"0",1,1
"558_v1",4,0,2,1,1,"1",5,1
"558_v2",4,1,1,1,1,"0",5,1
"561_v2",5,0,1,0,1,"1",5,1
"562_v2",5,0,2,0,1,"1",5,1
"566_v2",3,0,2,0,1,"0",3,0
"568_v2",1,0,2,0,1,"1",3,1
"570_v1",6,1,2,1,1,"0",8,1
"570_v2",3,0,1,1,1,"0",8,1
"574_v1",4,0,1,1,0,"0",5,1
"582_V1",1,0,1,0,1,"0",5,1
"584_v1",4,1,1,1,0,"0",5,1
"585_v1",4,1,2,1,1,"0",NA,1
"586_v2",4,0,2,0,1,"1",5,1
"587_v1",5,1,2,0,1,"1",3,1
"589_v1",4,0,2,1,1,"1",3,0
"589_v2",2,1,1,1,1,"1",3,0
"591_v2",2,0,1,1,1,"0",6,1
"593_v1",3,1,2,1,0,"0",1,1
"594_v1",4,0,1,0,1,"0",5,1
"595_v1",3,1,2,0,1,"0",5,1
"600_v2",2,0,2,1,0,"1",3,1
"603_v2",2,1,2,0,1,"0",4,1
"610_v2",2,0,2,9,1,"0",3,1
"612_v1",3,0,1,0,1,"0",5,1
"616_v1",4,0,1,1,1,"0",4,1
"616_v2",6,0,2,1,1,"0",4,1
"617_v1",2,0,99,1,1,"0",5,1
"619_v1",5,0,99,0,1,"0",5,1
"619_v2",4,1,99,0,1,"1",5,1
"620_v1",3,0,99,0,1,"0",2,1
"621_v1",2,0,99,1,1,"1",2,1
"624_v2",4,0,99,0,1,"0",4,1
"625_v2",3,1,99,0,1,"0",4,0
"626_v2",4,0,99,0,1,"0",4,1
"627_v1",1,0,99,1,1,"0",4,1
"628_v1",5,0,1,1,1,"0",NA,1
"629_v2",2,1,1,0,1,"0",1,1
"633_v1",1,0,1,0,0,"1",3,1
"633_v2",4,1,2,0,0,"0",3,1
"635_v1",7,1,2,1,1,"0",5,1
"636_v1",5,1,1,0,1,"1",1,0
"637_v1",3,0,2,1,1,"1",1,1
"638_v2",4,0,2,0,1,"0",3,1
"643_v2",4,1,2,0,1,"1",4,1
"645_v1",3,1,1,1,1,"1",5,1
"645_v2",2,1,2,1,1,"1",5,1
"646_v1",4,0,2,0,1,"0",5,0
"647_v2",3,0,2,0,1,"0",NA,1
"649_v2",6,0,1,1,1,"0",NA,1
"651_v2",2,1,2,0,1,"1",5,1
"652_v2",3,0,1,0,1,"0",3,0
"653_v1",4,1,1,0,1,"1",5,1
"655_v1",3,0,1,0,0,"0",3,1
"656_v2",2,1,1,1,1,"0",2,1
"657_v1",2,1,1,1,1,"0",5,0
"659_v2",4,1,1,1,1,"0",NA,1
"660_v1",5,1,1,0,1,"0",1,1
"667_v1",3,1,1,1,1,"0",3,1
"669_v1",2,0,1,0,1,"0",1,1
"672_v2",4,0,2,NA,1,"0",NA,1
"673_v1",4,1,2,1,1,"0",5,1
"676_v2",5,1,1,1,1,"0",3,1
"677_v1",3,0,1,NA,1,"0",5,1
"679_v2",3,1,1,1,0,"0",NA,1
"682_v1",4,1,1,0,0,"0",1,1
"684_v1",5,1,1,0,NA,"1",4,1
"684_v2",3,1,2,0,NA,"1",4,1
"685_v1",5,1,2,0,1,"0",5,0
"685_v2",4,1,1,0,1,"0",5,0
"687_v1",5,0,1,0,1,"1",3,1
"688_v1",5,0,2,0,1,"0",3,1
"689_v1",2,0,1,1,1,"0",2,1
"689_v2",3,1,2,1,1,"0",2,1
"692_v2",7,0,2,0,1,"0",2,1
"694_v1",4,1,1,0,1,"0",2,1
"694_v2",1,1,2,0,1,"0",2,1
"695_v2",2,0,1,1,0,"0",3,1
"699_v1",6,0,2,0,1,"0",2,1
"699_v2",3,0,1,0,1,"0",2,1
"700_v1",7,1,1,0,1,"0",4,1
"701_v1",7,0,2,1,0,"0",5,1
"701_v2",5,0,1,1,0,"0",5,1
"702_v1",5,0,2,1,1,"0",5,1
"702_v2",6,1,1,1,1,"1",5,1
"706_v1",6,1,2,0,1,"0",0,0
"708b_v2",2,0,1,0,1,"0",4,1
"709a_v1",7,1,2,0,0,"0",3,1
"709a_v2",7,1,1,0,0,"0",3,1
"709b_v2",3,0,2,0,1,"0",2,1
"710a_v1",5,1,2,0,1,"0",0,1
"712_v1",3,0,1,0,0,"0",2,1
"712_v2",7,0,2,0,0,"0",2,1
"714_v2",6,1,1,0,1,"0",2,1
"715_v1",5,0,2,0,0,"0",5,1
"716_v2",4,0,1,0,0,"0",2,0
"720_v1",3,0,1,0,0,"0",2,1
"721_v1",7,1,1,0,1,"0",5,1
"722_v1",6,1,1,0,0,"0",5,1
"723_v1",7,1,1,0,0,"1",6,1
"724_v2",3,0,1,1,0,"0",0,1
"726_v1",7,1,2,0,0,"1",5,1
"727_v2",5,0,2,0,0,"0",5,1
"728_v1",3,0,1,0,1,"0",0,1
"729_v1",1,0,2,0,1,"0",6,1
"733_v1",7,1,2,1,1,"1",5,1
"737_v2",3,0,2,0,1,"0",6,1
"738_v2",4,0,2,0,0,"0",0,1
"739_v1",7,1,2,0,1,"0",0,1
"740_v1",5,1,1,0,1,"0",2,1
"741_v1",7,1,2,1,0,"0",2,0
"743_v2",5,1,1,0,1,"0",5,1
"745_v2",7,1,2,0,1,"0",5,1
"746_v1",5,1,1,0,0,"1",6,1
"747_v2",7,1,1,0,1,"0",2,1
"748_v2",3,0,1,0,0,"0",5,1
"749_v1",5,1,2,1,0,"0",2,1
"750_v1",5,1,1,0,0,"1",2,1
"750_v2",6,1,2,0,0,"0",2,1
"751_v1",7,1,1,0,1,"0",1,1
"751_v2",4,0,2,0,1,"0",1,1
"753_v2",6,1,1,1,0,"0",0,1
"754_v2",7,1,1,0,0,"0",2,1
"747b_v2",5,0,1,0,1,"0",0,1
"748b_v2",5,1,1,0,1,"1",5,1
"750b_v1",4,0,1,0,1,"0",5,0
"751b_v2",5,1,2,0,1,"0",5,1
"756_v2",7,1,2,1,0,"0",5,1
"759_v1",3,0,2,0,1,"0",5,1
"759_v2",3,0,1,0,1,"0",5,1
"761_v2",3,0,1,1,1,"0",6,1
"763_v1",7,1,1,0,0,"1",5,1
"763_v2",5,0,2,0,0,"0",5,1
"767_v2",5,0,1,0,0,"0",5,1
"770_v1",7,1,2,0,0,"0",5,1
"771_v1",4,0,1,0,0,"0",5,1
"772_v1",3,0,1,1,0,"0",5,1
"772_v2",7,0,2,1,0,"0",5,1
"773_v1",4,0,1,0,1,"0",5,1
"778_v1",4,0,1,0,1,"0",6,1
"1504_v1",4,0,1,0,1,"0",2,0
"1517_v2",4,1,1,0,1,"0",2,1
"1518_v1",4,0,1,1,1,"0",3,1
"1518_v2",5,1,2,1,1,"0",3,1
"1520_v2",3,0,2,0,1,"0",5,1
"1521_v2",2,0,2,1,1,"0",1,1
"1525_v2",3,0,2,1,1,"1",3,1
"1528_v2",3,0,2,0,1,"0",5,1
"1530_v1",7,1,2,1,1,"1",NA,1
"1530_v2",1,0,1,1,1,"0",NA,1
"1533a_v1",2,0,2,0,1,"0",3,0
"1533b_v1",1,0,2,0,1,"0",1,1
"1534b_v1",7,1,1,0,1,"1",3,1
"1536_v1",7,1,2,1,1,"1",5,0
"1537_v1",7,1,1,0,1,"1",3,1
"1539_v2",1,0,1,1,1,"0",3,1
"1541_v1",7,1,1,0,1,"1",2,1
"1543_v1",3,0,2,1,1,"0",3,0
"1543_v2",7,1,1,1,1,"1",3,0
"1545_v2",2,0,1,0,1,"0",3,1
"1547_v1",7,1,2,0,1,"1",5,1
"1549_v2",6,1,1,0,1,"1",2,1
"1553_v1",3,0,2,0,1,"0",NA,1
"1554_v2",1,0,1,1,1,"0",3,1
"1555_v2",7,1,2,0,1,"1",5,1
"1557_v2",7,1,1,0,1,"1",5,0
"1558_v1",2,0,1,1,0,"0",5,1
"1558_v2",6,1,2,1,0,"1",5,1
"1559_v1",7,1,2,0,0,"0",3,1
"1559_v2",7,1,1,0,0,"0",3,1
"1561_v1",6,1,1,0,1,"0",5,1
"1563_v2",2,0,2,1,1,"0",5,1
"1564_v2",1,0,1,0,1,"0",2,1
"1565_v2",7,1,2,0,1,"0",2,1
"1567_v2",7,1,1,1,1,"1",5,1
